z (m),u (m/s),V (1/s),T (K),rho (kg/m3),H2,H,O,O2,OH,H2O,HO2,H2O2,AR
0.0,4.314895260295212,0.0,300.0,0.8676735031478192,0.35483870967741948,-4.15066143291766e-18,-4.8664911203895149e-17,0.64516129032258085,1.2657007525872678e-17,1.7987678647993027e-19,-7.4600051033304221e-17,3.9948559133926938e-17,-5.6930917160385238e-104
0.00050000000000000001,4.3148952602952129,0.0,300.00000000000006,0.8676735031478189,0.35483870967741943,1.1961562361371041e-21,-4.8244220232522114e-17,0.64516129032258074,1.4714026198988442e-18,1.1019595973743427e-17,-6.855640677423339e-17,3.9970842465858958e-17,-7.4918201457026694e-103
0.00075000000000000002,4.3148952602952129,0.0,300.00000000000006,0.8676735031478189,0.35483870967741943,5.345210229540623e-22,-4.8034800824246315e-17,0.64516129032258074,2.6271452831449906e-19,1.2030950306596236e-17,-6.7770146753629646e-17,3.9980383638220021e-17,-8.2481916552047034e-103
0.001,4.314895260295212,0.0,300.00000000000006,0.8676735031478189,0.35483870967741943,-1.7316416934581545e-22,-4.7826304147447536e-17,0.64516129032258074,2.1425854956305356e-21,1.2084819851126489e-17,-6.7942054639132522e-17,3.9989556170801518e-17,-8.187452227824708e-103
0.0015625000000000001,4.314895260295212,0.0,300.00000000000006,0.8676735031478189,0.35483870967741943,-3.3736835302086431e-22,-4.7361745299408564e-17,0.64516129032258074,-5.8619505432300122e-20,1.1681309443363322e-17,-6.8851152026827635e-17,4.0009970612862378e-17,-8.0821654547498131e-103
0.0021250000000000002,4.314895260295212,0.0,300.00000000000006,0.8676735031478189,0.35483870967741943,-3.5069721893054194e-22,-4.690169398477709e-17,0.64516129032258074,-6.4130912034103733e-20,1.1226534892069546e-17,-6.9807426441137462e-17,4.0030578019080966e-17,-8.0782659536015498e-103
0.0032499999999999999,4.3148952602952129,0.0,300.00000000000006,0.8676735031478189,0.35483870967741943,-3.45543979023998e-22,-4.5999288679199013e-17,0.64516129032258074,-6.3480840852848598e-20,1.0322920252034966e-17,-7.1697322950182285e-17,4.0072293395784755e-17,-8.0818087869149112e-103
0.0054999999999999997,4.314895260295212,0.0,300.0,0.8676735031478192,0.35483870967741948,-3.3256209926921174e-22,-4.4262457199304254e-17,0.64516129032258085,-6.1107784670549225e-20,8.58268950644597e-18,-7.5345767001510959e-17,4.0157598487574496e-17,-8.7003602722490644e-103
0.0066249999999999998,4.314895260295212,0.0,300.0,0.8676735031478192,0.35483870967741948,-3.2616408757914646e-22,-4.3410806694099843e-17,0.64516129032258085,-5.993230370657714e-20,7.729346329807314e-18,-7.7137391039522342e-17,4.0200714467767004e-17,-9.7568930473567448e-103
0.0077499999999999999,4.3148952602952111,0.0,300.0,0.8676735031478192,0.35483870967741948,-3.1988837489756021e-22,-4.2575548883038594e-17,0.64516129032258085,-5.877913702079855e-20,6.8924290715601112e-18,-7.8897100583220043e-17,4.0244286746262005e-17,-1.068667082572817e-102
0.0088750000000000009,4.3148952602952111,0.0,300.0,0.8676735031478192,0.35483870967741948,-3.1373314931395192e-22,-4.1756323044983419e-17,0.64516129032258085,-5.7648115604736795e-20,6.0715899917498034e-18,-8.0625571338632664e-17,4.0288308412044913e-17,-8.0959948476605178e-103
0.0094375000000000014,4.3148952602952102,0.0,299.99999999999994,0.8676735031478195,0.35483870967741926,-3.1068545056605592e-22,-4.1350691026814648e-17,0.64516129032258107,-5.708810223575276e-20,5.6651591694310465e-18,-8.1482058739784455e-17,4.0310431033364865e-17,-6.1711688854827093e-103
0.0097187500000000017,4.3148952602951995,0.0,299.99999999999994,0.8676735031478217,0.35483870967741754,-3.0916902940648968e-22,-4.1148863637981439e-17,0.64516129032258274,-5.680946053213863e-20,5.4629361671656145e-18,-8.1908374617098373e-17,4.0321520148028971e-17,-4.9262535868999675e-103
0.0098593750000000001,4.3148952602951312,0.0,299.99999999999994,0.8676735031478353,0.35483870967740633,-3.0841252187005924e-22,-4.1048177423108431e-17,0.64516129032259384,-5.6670451711952912e-20,5.3620785025729498e-18,-8.2121044621223605e-17,4.0327071672175779e-17,-4.3110644961609347e-103
0.01,4.3148952602945583,0.0,300.0,0.8676735031479504,0.35483870967731157,-3.0765485124952619e-22,-4.094737019650822e-17,0.64516129032268865,-5.6531187403972446e-20,5.261520485467888e-18,-8.2333233050206393e-17,4.0332630054567063e-17,-3.6960115191592075e-103
0.010062499999999999,4.3148952602929214,0.0,300.00000000000028,0.8676735031482795,0.35483870967704073,-3.073020782769348e-22,-4.0900888657534036e-17,0.64516129032295944,-5.646577939769414e-20,5.2172542889572621e-18,-8.2427383701874954e-17,4.0335102285838236e-17,-3.4016707436678552e-103
0.010124999999999999,4.3148952602858275,0.0,300.00000000000176,0.8676735031497061,0.354838709675866,-3.0682039602517323e-22,-4.0842719500396786e-17,0.64516129032413416,-5.6369635622298215e-20,5.1765371664307066e-18,-8.2520902480824609e-17,4.0337582338472431e-17,-3.0581415924695442e-103
0.010187499999999999,4.3148952602550841,0.0,300.00000000001097,0.8676735031558879,0.35483870967076836,-3.0518647243492198e-22,-4.0700455682352898e-17,0.64516129032923175,-5.5971259295215929e-20,5.1697806858398685e-18,-8.2609038879641883e-17,4.0340132555920698e-17,-2.6368335123990966e-103
0.010249999999999999,4.3148952601219461,0.0,300.00000000006878,0.8676735031826608,0.35483870964864983,-2.9243835506852499e-22,-3.9954971062721807e-17,0.6451612903513505,-5.2376772300716829e-20,5.4916043641842479e-18,-8.264463558934424e-17,4.0343417695089327e-17,-2.1243136232993786e-103
0.010312499999999999,4.3148952595458399,0.0,300.00000000043042,0.8676735032985087,0.35483870955267499,-1.6399213109719749e-22,-3.4884361395353122e-17,0.64516129044732506,-1.2871202198725194e-20,8.9943590691856271e-18,-8.2158673260742456e-17,4.035452585233911e-17,-1.5386880837833006e-103
0.010374999999999999,4.3148952570560466,0.0,300.00000000269381,0.8676735037991754,0.35483870913623222,1.2488623136832883e-21,1.1957769713173881e-18,0.64516129086376783,4.4826575993698078e-19,4.3258770216113498e-17,-7.6500665696221137e-17,4.0449035136859131e-17,-9.69566672484385e-104
0.010437499999999999,4.3148952463150856,0.0,300.00000001685817,0.8676735059590506,0.35483870732925027,1.7616654797915622e-20,2.5960078180231473e-16,0.64516129267074884,6.0060300619188513e-18,3.7446330442691407e-16,-1.9940107075682208e-17,4.1432810822453852e-17,-6.5583107853824099e-104
0.010499999999999999,4.3148952001000627,0.0,300.00000010549854,0.8676735152523241,0.35483869948859864,2.1379246617141045e-19,2.11197669810014e-15,0.64516130051139498,7.4299438117189325e-17,3.5643865177395547e-15,5.3076483745422416e-16,5.1898537313197381e-17,-1.1363896809886337e-103
0.010562499999999999,4.3148950020155947,0.0,300.00000066020931,0.8676735550846816,0.35483866546733112,2.6164575426014057e-18,1.5392416389597328e-14,0.6451613345326126,9.2327457837949814e-16,3.4174040278606625e-14,5.7750328802309656e-15,1.6346726488256306e-16,-3.4301989622362311e-103
0.010593749999999999,4.3148946606818104,0.0,300.00000203130725,0.8676736237227296,0.35483860585672039,1.4178784342972414e-17,5.2757937707389086e-14,0.64516139414304885,5.0141334545804966e-15,1.4760260741258575e-13,2.4554098862256799e-14,6.2351248092299999e-16,-5.8430756265604005e-103
0.010624999999999999,4.3148937683986661,0.0,300.00000700699053,0.8676738031500072,0.35483844672366832,7.8937486829738751e-17,2.0533082482541803e-13,0.6451615532752224,2.8031357126085844e-14,7.4899669361210494e-13,1.2363634552192185e-13,3.3061867102319208e-15,-9.3364672537326705e-103
0.010656249999999999,4.3148914550800157,0.0,300.00002506354247,0.8676742683305748,0.35483802191138719,4.4222607049513694e-16,8.2830767914851696e-13,0.64516197808302911,1.5747052519584052e-13,3.9350740724590155e-12,6.435525682510055e-13,1.8949766547897326e-14,-1.348673651107617e-102
0.010687499999999999,4.3148855287853598,0.0,300.00009058955459,0.8676754600394517,0.35483688785807965,2.4825681366117907e-15,3.3719939409807755e-12,0.64516311211339894,8.8573209558725639e-13,2.0798892810863272e-11,3.3522904021056996e-12,1.1017278879990087e-13,-1.7047401681058725e-102
0.010718749999999999,4.3148706127083614,0.0,300.00032837657875,0.8676784595033665,0.3548338604609983,1.3952569436368589e-14,1.3758137726802292e-11,0.64516613939229317,4.9850300621224731e-12,1.0996859222672644e-10,1.734082418980536e-11,6.4212506695133422e-13,-1.7895436998172158e-102
0.010749999999999999,4.3148340760225761,0.0,300.00119126896055,0.8676858067283413,0.35482577873167676,7.8479001564087821e-14,5.6165801730875313e-11,0.64517422051052686,2.8067541398137679e-11,5.8094506167223004e-10,8.8795608737258846e-11,3.7441144161178776e-12,-1.3738543142483829e-102
0.010781249999999999,4.3147484536348779,0.0,300.00432252385951,0.8677030251677069,0.35480420443329724,4.4186154506256184e-13,2.293195684341049e-10,0.64519579164270335,1.5807429052202224e-10,3.0655383575978624e-09,4.4879271985701529e-10,2.1832725267920692e-11,-3.7467730731427968e-103
0.010796874999999999,4.3146682510901666,0.0,300.00897479868627,0.8677191543083863,0.35477991073462206,1.2643247020974698e-12,5.1608458240105507e-10,0.64522007878882881,4.4896040840479727e-10,8.2847587152821472e-09,1.1618332224254447e-09,6.3647882871285056e-11,2.6003144433202615e-103
0.010812499999999999,4.3145532373887994,0.0,300.01974208228864,0.8677422851911074,0.35473533976248112,3.7592679281404324e-12,1.2447766959295671e-09,0.64526462934672779,1.3342096327972003e-09,2.4734786725808653e-08,3.3667925649422713e-09,2.0646623946509137e-10,8.9068295549928425e-103
0.010828124999999999,4.31441663466736,0.0,300.04466224925596,0.867769759516551,0.35465357117192642,1.1327873128057132e-11,3.0963198014486888e-09,0.64534633418339249,4.0184222958564916e-09,7.6613368166440767e-08,1.0211019763972503e-08,6.9422332546231852e-10,1.5108504480899742e-102
0.010843749999999999,4.3143383515371436,0.0,300.10233909423499,0.8677855049936047,0.35450357935432869,3.4293422734255585e-11,7.8003928027972335e-09,0.64549612651266375,1.2148765709971636e-08,2.402772842607381e-07,3.1512534407274189e-08,2.3597368026730124e-09,2.4001766145376175e-102
0.010859374999999999,4.3145939001960256,0.0,300.23583066487504,0.8677341068764403,0.35422851860730392,1.0416493923335915e-10,1.974892668878425e-08,0.64577056214523121,3.6765788291119273e-08,7.5662147943808975e-07,9.7962626253416225e-08,8.044479155910641e-09,4.6560554580380582e-102
0.010874999999999999,4.3159870800361722,0.0,300.54477531665572,0.8674540063425389,0.35372441826287138,3.1837582063923079e-10,5.0084838935900365e-08,0.64627270214134469,1.112822210068369e-07,2.3848311680060542e-06,3.0565128343474848e-07,2.7427896799993524e-08,1.1571149629991598e-101
0.010882812499999998,4.3179208922135066,0.0,300.85145156322733,0.8670655107510556,0.35331518321860539,5.9768076624262002e-10,8.2760926674576052e-08,0.64667938567148642,2.0524151264209482e-07,4.5123936661810007e-06,5.755200479253436e-07,5.4596074247068193e-08,1.9994670150201285e-101
0.010890624999999999,4.3217222099719486,0.0,301.3594912157418,0.8663028538803254,0.35273646068075026,1.1529696150117096e-09,1.4053184804058927e-07,0.64725282130919193,3.8860645001375086e-07,8.9309699176672804e-06,1.1424127629310412e-06,1.1433610945698151e-07,3.5804934263974487e-101
0.0108984375,4.328861438231276,0.0,302.20071865830278,0.8648741335523629,0.35191917915561283,2.2807556583404858e-09,2.4262097617411438e-07,0.6480591557771308,7.4558100631556449e-07,1.809245502839452e-05,2.3367688598662297e-06,2.4536063002330048e-07,6.4408713602777552e-101
0.010906249999999999,4.3418618605527266,0.0,303.59238488443094,0.8622845243780957,0.35076758027604266,4.6479523600986421e-09,4.2296320079190104e-07,0.64918813475889903,1.4402138114661733e-06,3.7028796301431395e-05,4.8569124179148816e-06,5.3143137453503291e-07,1.13852972321921e-100
0.010914062499999998,4.364996459296222,0.0,305.89076208512887,0.8577143949753907,0.34915078694346829,9.9571816870882378e-09,7.4164024613681446e-07,0.65075838275482056,2.7941230286640808e-06,7.5958485391685511e-05,1.0175029165101412e-05,1.1510666978964199e-06,1.9279489383522609e-100
0.010921874999999999,4.4053857345799692,0.0,309.67501211077473,0.8498507367375354,0.34689409299136081,2.3620789295807793e-08,1.3060347037045644e-06,0.65292000541647732,5.4469614911628818e-06,0.00015527168754244676,2.1378750380428896e-05,2.4745372546683653e-06,2.988973656170674e-100
0.010925781249999999,4.4364371642110676,0.0,312.47578252891765,0.8439024797006809,0.34543300043946751,4.2391456261643076e-08,1.7570131750040161e-06,0.65429666485977123,7.7675244512358441e-06,0.00022542388933867371,3.1661229509330852e-05,3.6826528308399286e-06,3.4136925181591215e-100
0.0109296875,4.4783241843497281,0.0,316.16335842827152,0.8360092269744581,0.343695495981159,8.3784338008071218e-08,2.3867287313360765e-06,0.65590695676753719,1.1208993198604655e-05,0.00033071918297513238,4.761068139892711e-05,5.5378806618398374e-06,3.6281783729984671e-100
0.01093359375,4.5344457919500103,0.0,321.00233114469484,0.8256621715379693,0.3416388005232423,1.8621021212668818e-07,3.2709609947384453e-06,0.65777332683396905,1.6349997029860808e-05,0.0004875122505527353,7.2206711046562253e-05,8.3465129524488335e-06,3.5051127387071782e-100
0.010937499999999999,4.6090630619740711,0.0,327.323461666203,0.8122953261493905,0.33921831295050009,4.5639520773909614e-07,4.5233667075277068e-06,0.6599117031618309,2.411484574324385e-05,0.00071862279572524246,0.00010975077153940109,1.2515712745870649e-05,3.0135363159278704e-100
0.010941406249999999,4.707373343451553,0.0,335.53011483094792,0.7953310980041773,0.33638986793663106,1.1822844719745465e-06,6.3194015851177767e-06,0.66232708326748779,3.6016673119770929e-05,0.0010549222776057839,0.00016606730874929411,1.8540850348989352e-05,2.3154172189663115e-100
0.010943359375,4.7677496078767687,0.0,340.52561819604404,0.785259447656223,0.33479350489641224,1.9998756974157639e-06,7.5373361828093417e-06,0.66364580535034001,4.4546787636415687e-05,0.0012798592144487708,0.00020426515190025807,2.248138738202637e-05,2.0295260210829335e-100
0.010945312499999998,4.8370823045577689,0.0,346.22712871708325,0.774003872820771,0.33307255878867104,3.325436333996297e-06,9.03703314129689e-06,0.66502865371913245,5.5422522152642676e-05,0.0015529856790315395,0.00025084193321924468,2.7174888317932811e-05,1.8275236194551709e-100
0.010947265624999999,4.9163666601951226,0.0,352.71222473780659,0.761521812306776,0.33122249529194503,5.4603367831880161e-06,1.0892547188027221e-05,0.66646958241970822,6.9331197602727466e-05,0.0018827403365573095,0.00030680690157850984,3.2690968637016659e-05,1.7161366692452951e-100
0.01094921875,5.0066058301279979,0.0,360.05958079340525,0.7477961290427597,0.32923955271066851,8.8482928848257407e-06,1.319943817579993e-05,0.66796088383420271,8.7155558525825892e-05,0.0022783812871042578,0.000372902863180992,3.9076015257194478e-05,1.6780219791674865e-100
0.010951171874999999,5.1087755925248013,0.0,368.34639488903002,0.7328410495815589,0.32712084634500627,1.412457573709452e-05,1.6080562066145971e-05,0.66949333419289137,0.0001100080597898854,0.0027498546326389533,0.00044940923886233915,4.6342393007961493e-05,1.6734616089709054e-100
0.0109521484375,5.1646753768073781,0.0,372.87201277286596,0.7249091563162167,0.32600242483757358,1.7829954842551145e-05,1.7807636938961024e-05,0.67027606654306071,0.00012393198136440161,0.00301990454221354,0.00049171272762013065,5.0321776386056819e-05,1.6684446221000004e-100
0.010953124999999999,5.2240178216793698,0.0,377.66877275257139,0.716674521350893,0.3248480781347074,2.238626178577304e-05,1.975185059216177e-05,0.67106443982445385,0.00013974423161287333,0.0033144937712910904,0.00053658294641910733,5.45229791378117e-05,1.6544959265377454e-100
0.010954101562499999,5.2869056283758411,0.0,382.74503669210668,0.7081496693729111,0.32365770394651466,2.7959835046585113e-05,2.194154413917226e-05,0.67185678579315644,0.00015767124527809698,0.0036351757196898845,0.00058382689930013194,5.89350168748662e-05,1.6288028173057285e-100
0.010955078125,5.3534302117361223,0.0,388.10835696250552,0.6993498232923117,0.32243126814522188,3.4740058439192412e-05,2.4408478409970951e-05,0.6726513926675538,0.00017795448813133773,0.0039835064967801937,0.00063318632168068707,6.3543343782842103e-05,1.5896199551914506e-100
0.010956054687499999,5.4236699781932547,0.0,393.76534475045088,0.6902928250513797,0.32116880306891404,4.2940699748552422e-05,2.7188109598681223e-05,0.67344652114439052,0.00020084764769612507,0.0043610322947513717,0.00068433707153402613,6.832996336667257e-05,1.5366999033763759e-100
0.010957031249999999,5.4976887090270941,0.0,399.72154523547272,0.6809989919971354,0.31987040498930247,5.2800918529622442e-05,3.0319857569925061e-05,0.67424042020400643,0.00022661272261732346,0.0047692764219715829,0.00073689122193135821,7.3273664071322686e-05,1.4708896855413447e-100
0.0109580078125,5.575534101202531,0.0,405.98132356508029,0.6714909097409565,0.31853623081446919,6.4585879695152435e-05,3.3847362844072316e-05,0.67503134220860717,0.00025551496357049361,0.0052097263644272918,0.00079040203331845298,7.8350373068266906e-05,1.3943206513605727e-100
0.010958984375,5.657236517605071,0.0,412.54776555740068,0.6617931652711021,0.31716649412233294,7.8586915367779536e-05,3.7818729312123134e-05,0.67581755685284184,0.00028781668738763096,0.005683821272530829,0.00084437180741241244,8.3533612814429194e-05,1.3097402237789396e-100
0.010959960937499999,5.7428079953039894,0.0,419.42259686076477,0.6519320269069233,0.31576146064119154,9.5121186208846342e-05,4.228675120651583e-05,0.67659736361161626,0.00032377006875293582,0.0061929402783843755,0.00089826242522710097,8.8795037412564711e-05,1.2204631240392433e-100
0.0109609375,5.8322415545338142,0.0,426.6061238902106,0.6419350802786621,0.31432144330931416,0.00011453080469968575,4.7309124704161565e-05,0.67736910243624004,0.00036360910500579316,0.0067383920315963533,0.00095150816816941979,9.4105020270422257e-05,1.1296246910769111e-100
0.0109619140625,5.9255108424981993,0.0,434.09719924809627,0.6318308316829414,0.31284679705511786,0.0001371813962691905,5.2948646638020699e-05,0.67813116256516759,0.0004075410417924247,0.0073214057989960529,0.0010035302342652635,9.9433261753486326e-05,1.0400769531206771e-100
0.010962890624999999,6.0225701351774603,0.0,441.89321354059626,0.62164829173131,0.31133791344288164,0.00016346008935327652,5.9273404970362088e-05,0.67888198942713829,0.0004557376316103331,0.0079431244067136274,0.0010537522115820243,0.00010474938575043135,9.541204918443148e-101
0.0109638671875,6.1233547075957171,0.0,449.99011456232824,0.6114165530529475,0.30979521532618226,0.00019377294202587312,6.635696772787853e-05,0.67962008971146737,0.00050832666437287922,0.0086045992166007279,0.0011016156744408144,0.00011002349718222506,8.7347326935552208e-101
0.01096484375,6.2277815692393634,0.0,458.38245379367112,0.6011643758662362,0.30821915164221086,0.00022854183026756574,7.4278578797193749e-05,0.68034403475471072,0.00056538425054265633,0.0093067872299579055,0.0011465950355725304,0.0001152266779406754,7.9917511275956343e-101
0.010966796875,6.4473100814186264,0.0,476.02348000286497,0.580694949589141,0.30500091915727318,0.00031182640471536177,9.2689947915415696e-05,0.68173244421939916,0.00069160991051437791,0.010819555324831982,0.0012257173964781781,0.00012523763887227851,6.7993929996034936e-101
0.010968749999999999,6.6795706581187249,0.0,494.71732589711257,0.5605031486078288,0.30165992749041076,0.00041763083737786908,0.0001153254214539309,0.68305591903507901,0.00083430245102137886,0.012492844438811518,0.001289372887624328,0.00013467743822115862,5.8674622493011804e-101
0.010970703124999998,6.9234307577903094,0.0,514.38399731195375,0.5407608596573352,0.29819980012793046,0.00054932404902942236,0.0001429812323722921,0.68430666237790794,0.00099187294275431557,0.014329883992312541,0.0013360778041755803,0.0001433974735175299,5.1573883705898628e-101
0.010972656249999999,7.177635608612996,0.0,534.93336680947073,0.5216091421794782,0.29462418423858094,0.00071012825174316665,0.00017656010064035708,0.68547771912881716,0.001161827034308779,0.016332790463988389,0.0013655085456328086,0.00015128223628825234,4.623767074018272e-101
0.010974609375,7.4408689174648259,0.0,556.26959743707073,0.5031563356512625,0.2909367084995228,0.00090298645227258976,0.00021708583204753902,0.68656283286511266,0.0013409777922164885,0.018502765172284507,0.0013783956903109091,0.00015824769623249403,4.2290775401022525e-101
0.010976562499999998,7.7118088636055306,0.0,578.29525474984769,0.4854788795261866,0.28714095960102803,0.0011304497083251422,0.00026572072560561324,0.6875562789359676,0.001525750779637846,0.020840298728890587,0.0013763032030208911,0.00016423831752440746,3.9464958218611543e-101
0.010978515624999997,7.989175133402723,0.0,600.91478288724818,0.4686241386845674,0.28324046995068042,0.0013945935934816932,0.00032378447054711199,0.68845268046216246,0.0017125314321014807,0.023345366806740157,0.0013613497531419,0.00016922353114459586,3.7571623935638042e-101
0.010980468749999998,8.2717647750296948,0.0,624.03717080428078,0.45261445516716226,0.27923871013452584,0.001696969005251026,0.00039277255848209927,0.68924681719561354,0.0018980021139874547,0.026017609938764109,0.0013359249503091919,0.00017319410306672092,3.6465345646949674e-101
0.010984374999999998,8.849919319085755,0.0,671.51132778820295,0.4230456978176587,0.27110258063954334,0.0024043221397271179,0.00056477388864959875,0.69049653910879361,0.0022499562982842745,0.031741155668855908,0.0012626215503950345,0.00017805070575099721,3.6123799479530356e-101
0.010986328124999997,9.1418358144964671,0.0,695.65313012183265,0.40953703014290327,0.2668247468726016,0.0028233936087374372,0.00067587445338780151,0.69097090366969893,0.0024198775816487747,0.034885710631450587,0.0012202883452849809,0.00017920483718986623,3.6642084084729486e-101
0.010988281249999997,9.4353911189040076,0.0,720.01494316435446,0.3967954522475456,0.26245888859333394,0.0032813741106545616,0.00080557126820786254,0.69132203315685481,0.0025834613698123713,0.038193140814116282,0.0011760594483764487,0.00017947123864357628,3.7476124131420057e-101
0.010990234374999998,9.7299462567007051,0.0,744.54232221669417,0.38478324390729035,0.25800814222882884,0.0037774612282400486,0.00095629094639407806,0.69154332469490631,0.0027415747905238457,0.0416630114427173,0.0011312965337358818,0.00017889813465381542,3.8515060314963273e-101
0.010992187499999997,10.024962787670283,0.0,769.18733992406897,0.37345976850685214,0.25347558406652376,0.004310539969278865,0.0011306118669754512,0.69162771534789547,0.0028958977730322633,0.045295072590207701,0.0010870408976027764,0.00017753748848393873,3.9654378271141266e-101
0.010994140624999997,10.319991140375583,0.0,793.90779444107227,0.36278328439544166,0.2488642515347384,0.004879241456934174,0.0013312272360245716,0.69156775032505868,0.0030487974195848771,0.049089240982566444,0.0010440476596656166,0.00017544338542730344,4.0798130199101683e-101
0.010996093749999998,10.614658362685416,0.0,818.66638646033141,0.35271227318237824,0.24417717564884367,0.0054819930291120098,0.0015608992588785904,0.69135569796973828,0.0032031874225156849,0.053045545101847502,0.0010028307648498529,0.00017267080421434148,4.186120928746347e-101
0.010998046874999997,10.908655980595924,0.0,843.42991653373758,0.3432063754211102,0.23941742419732867,0.0061170581576832387,0.0018224061453167779,0.69098370484517957,0.003362384778131217,0.057164036289367434,0.00096371085447771536,0.00016927473251531101,4.2772461849719133e-101
0.010999023437499998,11.055205945029044,0.0,855.80206537022389,0.33865676481810114,0.23699325199011004,0.0064485252304114955,0.0019672964794734894,0.6907318352609495,0.0034457883357555457,0.059301101050603142,0.00094485455819689058,0.00016734709449996068,4.3150636831945895e-101
0.010999999999999998,11.201506057071938,0.0,868.16433612203912,0.3342336522106585,0.23455184874627558,0.0067874517989307513,0.0021214688862496579,0.6904348497576378,0.0035318498301534582,0.061480670581723844,0.00092658293793108871,0.00016527746109798634,4.346520068966964e-101
0.011002197265624996,11.529938964409919,0.0,895.9308357838197,0.3247129314275242,0.22904754343943382,0.0075691836343244334,0.0024998338225823199,0.68960883059243971,0.0037350131010938101,0.066491463540073223,0.00088795425276601248,0.00016017761728678528,4.4364509997583503e-101
0.011004394531249996,11.856654816907291,0.0,923.59443417502814,0.3157653097275881,0.22346476234914481,0.0083838735121078527,0.0029285802394098614,0.68855267448867485,0.0039587451590161775,0.07170472462036151,0.00085213830929656981,0.00015450132198853729,4.3879635222737464e-101
0.011006591796874996,12.181438427510676,0.0,951.12241892679435,0.3073463206591608,0.21780896846774414,0.0092283796007654271,0.0034108253341958348,0.68725778429667039,0.0042082257051181855,0.077118465998943508,0.00081903048131292636,0.00014832011524968687,4.3914951865285067e-101
0.011008789062499996,12.504098182105675,0.0,978.48381155791071,0.2994154577776626,0.21208619846339005,0.010099405005492721,0.0039492262546839303,0.68571714857416954,0.0044883458519429939,0.082729503030498433,0.00078846916446358801,0.00014170365535869808,4.2626051220553152e-101
0.011010986328124996,12.82445465321983,0.0,1005.6487739974622,0.29193602243645606,0.20630316368995566,0.010993494236412866,0.0045459003980550814,0.68392568817557575,0.0048035782871320354,0.088533193238097982,0.0007602619509011029,0.00013472002386955091,4.1999630266688255e-101
0.011013183593749996,13.142335854551678,0.0,1032.5885202059353,0.28487479873427524,0.20046733611302334,0.011907029061399219,0.0052023625052661747,0.68188055125364688,0.0051578702527900798,0.094523211354201137,0.00073420325572840308,0.00012743620394465441,4.0125143814350144e-101
0.011015380859374996,13.457587438081294,0.0,1059.276385653312,0.2782014457151579,0.19458701575657425,0.012836226118785926,0.0059194796584906423,0.67958134725053521,0.0055545577232309429,0.10069136905431862,0.00071008570509469514,0.00011991873296977067,3.8976370850185443e-101
0.011017578124999997,13.770053527098204,0.0,1085.6865690141399,0.27188857861780646,0.18867136500441084,0.013777140675047829,0.0066974455750784291,0.67703030635300343,0.0059963003724757295,0.10702749997139371,0.00068770759139334095,0.00011223445719674843,3.6799790554055682e-101
0.011019775390624997,14.079572677147587,0.0,1111.7940246273135,0.2659114993067498,0.18273041175284183,0.014725677370142125,0.0075357733958964761,0.6742323615788689,0.0064850362637969448,0.11351941105366434,0.00066687727479045153,0.00010445130999887007,3.5466537119365335e-101
0.011021972656249997,14.385975274156312,0.0,1137.5744282308037,0.2602479295636636,0.17677502096399991,0.015677609237073106,0.0084333059067701367,0.67119515124841345,0.0070219559725556487,0.1201529021497911,0.00064741556437682938,9.6638957020053298e-05,3.3291167525590309e-101
0.011024169921874997,14.689082143424773,0.0,1163.0042016244442,0.25487775492815307,0.17081683235473027,0.016628605176720528,0.0093882413430392084,0.66792894468229291,0.0076074958237560657,0.12691185465753463,0.00062915682835459224,8.8869133571586943e-05,3.1964820915040992e-101
0.011026367187499997,14.988704340149948,0.0,1188.0605852228462,0.2497827826395224,0.16486816786553798,0.017574265587676031,0.010398172633525767,0.66444649566603675,0.0082413497968885745,0.13377838363158992,0.00061194935311111541,8.1215465633773768e-05,3.0048071321412771e-101
0.011028564453124997,15.284643836069099,0.0,1212.7217442965161,0.24494651736259024,0.15894190986550172,0.018510164991999655,0.011460137694105274,0.66076283196483632,0.0089224993812108671,0.14073304820235955,0.00059565529385758958,7.3752606129220608e-05,2.898325841156295e-101
0.011030761718749997,15.576695091542271,0.0,1236.96689942584,0.2403539553377969,0.15305135614952872,0.019431900292503999,0.01257067847283893,0.65689499003758711,0.0096492603769898124,0.1477551096922092,0.00058015039933002866,6.6554579012300034e-05,2.7526569654051038e-101
0.011032958984374997,15.864647162419805,0.0,1260.7764664114391,0.23599139876025768,0.14721005530502115,0.020335142580393116,0.013725906525669445,0.65286170632134011,0.01041934537097235,0.15482282799981181,0.00056532354277327636,5.9692354018613073e-05,2.6834680452521431e-101
0.011035156249999997,16.148286360627651,0.0,1284.1321978161832,0.23184628949150715,0.14143162984636379,0.021215690545937312,0.014921573271255499,0.64868307612954879,0.011229940501657978,0.1619137829823592,0.00055107590542528503,5.3230817452323588e-05,2.5945898633267472e-101
0.011037353515624997,16.427399069774953,0.0,1307.0173112917341,0.227907062873967,0.13572959225260367,0.022069522976089759,0.016153143313320042,0.64438019203931218,0.012077795182406667,0.16900520935772881,0.00053731941626757517,4.7225462271376203e-05,2.5708668560386242e-101
0.011039550781249997,16.701774802588535,0.0,1329.4166002855115,0.22416301960279789,0.13011716140983839,0.022892848245942853,0.017415869745322814,0.63997477212190168,0.012959323872101119,0.17607433171346862,0.00052397365971277015,4.1719231711746163e-05,2.5429062004050076e-101
0.011043945312499998,17.235870463637099,0.0,1372.7291533861007,0.2172167793121329,0.11929059945264728,0.024425284267999812,0.019996123387709317,0.63101318432272113,0.014794728234024087,0.18994918221740548,0.0004985231732376489,3.237494425535089e-05,2.6133777492479241e-101
0.011048339843749998,17.74954851973872,0.0,1414.0515800555968,0.21093045070989275,0.10895450522867149,0.025800862143758475,0.02263559606758023,0.62192202010237596,0.016710399291326745,0.20347732657092227,0.00047422024533943071,2.5070350025644667e-05,2.7674427760532577e-101
0.011052734374999998,18.241798573211153,0.0,1453.3489806718528,0.20523854885951603,0.099186648428362736,0.027002144421898633,0.025294128361273396,0.61286089350998152,0.018672271343134754,0.21651332691266731,0.00045097161887956114,1.9615403802033885e-05,2.985818615700072e-101
0.011057128906249998,18.711890609772162,0.0,1490.6167675807008,0.200082415220293,0.090047417922839657,0.028018379282397702,0.027932851108694472,0.60397393840738067,0.020647516874409414,0.22893548394708593,0.0004287418015422731,1.5670655649992988e-05,3.2487779151480499e-101
0.011061523437499998,19.15938744224384,0.0,1525.8775904763484,0.1954091839746186,0.081578239389843168,0.02884544599440448,0.030515496631460005,0.59538495929321933,0.022606391136207056,0.24064908583617065,0.00040752785589980402,1.2853862795422244e-05,3.5375535987753791e-101
0.011065917968749998,19.584137779112822,0.0,1559.1773166826638,0.19117105419638833,0.073801466527658205,0.029485345710008257,0.033009418722666557,0.58719479879102476,0.024523472937442378,0.25158733850814757,0.00038733361769269334,1.0825185359812777e-05,3.8339075105261628e-101
0.011070312499999999,19.986254651567762,0.0,1590.5805581358256,0.18732475541113727,0.066721538132486838,0.02994534727423873,0.03538632385144734,0.57948066788624564,0.026378305765491619,0.2617103325449282,0.00036815757055158707,9.3269746099088193e-06,4.1235673115732133e-101
0.011074707031249999,20.366083562501601,0.0,1620.1661195745673,0.1838311353445971,0.060327084333652373,0.030236922087034941,0.037622721916405102,0.57229705110076634,0.028155517209288185,0.27100252801107277,0.00034999120412805275,8.1841376522646698e-06,4.3928630715548682e-101
0.011079101562499999,20.724163926559893,0.0,1648.0226206968341,0.18065482771194305,0.054593626176945562,0.030374600571914889,0.039700108957442533,0.56567775136949583,0.02984453773142743,0.27946926987178089,0.00033282036606890485,7.2849549241266188e-06,4.6345621818673147e-101
0.011083496093749999,21.061186923925568,0.0,1674.2444723510316,0.17776397299538796,0.04948653114688014,0.03037486247257222,0.041604897973805857,0.55963866012899843,0.031439054423853377,0.28713281003038593,0.00031662463865091101,6.5591848531652238e-06,4.8393537525818746e-101
0.011087890624999999,21.37795264097781,0.0,1698.928347181635,0.17512997276103875,0.044963943586281002,0.030255143259942496,0.043328117068607959,0.55418090323753311,0.032936329134925633,0.29402823119057353,0.00030137170969345389,5.9608124428936636e-06,5.0051601638222373e-101
0.0110966796875,21.953495095916026,0.0,1743.9978478578664,0.17053868861856805,0.037579875158915817,0.02971322487788592,0.046195975252884158,0.54504088760571279,0.035620704045728188,0.30557056477257244,0.0002737233246947126,5.0449616059074708e-06,5.2038149060901673e-101
0.011105468749999998,22.465482338536326,0.0,1784.4052808628853,0.1666521202898721,0.031911155244359168,0.028895299031440228,0.048374450889873521,0.53781055175773351,0.037960446176208994,0.31479442707194943,0.00024929864925161456,4.3711791836335291e-06,5.284520882684445e-101
0.011114257812499997,22.922019745538705,0.0,1820.8274205612715,0.1633329133964845,0.027605998600102644,0.02790604163921339,0.049920333161468107,0.53222779207323412,0.039992001389120443,0.32211615972379287,0.00022781254437985495,3.8608686886034209e-06,5.2749371770433277e-101
0.011123046874999997,23.330666904586202,0.0,1853.8490222643672,0.16047206375319054,0.024355285882222397,0.026826336327627185,0.050915360328359575,0.52801422145592491,0.041755103819115798,0.32792129331784647,0.0002089353550340175,3.4635138696774089e-06,5.2113157780007489e-101
0.011131835937499997,23.698182049333973,0.0,1883.9620587502354,0.15798343771858672,0.021903062832184038,0.025714516389012766,0.05145120508230841,0.52490604641133021,0.043287084361490979,0.33254259448370149,0.00019234375980318989,3.1466801687726558e-06,5.1175990315594371e-101
0.011140624999999998,24.030427028715124,0.0,1911.5736722715296,0.1557991568030742,0.020046112990850531,0.024610082645241581,0.051618431667829645,0.52267027885990458,0.04462065291705241,0.33625381216958705,0.00017773982943408237,2.8889201001424274e-06,5.0164154695187219e-101
0.011149414062499998,24.332374711184666,0.0,1937.0175905890396,0.1538657987110937,0.01862791318159605,0.023538072429583043,0.051499577475376347,0.52111080312655989,0.045783566423487909,0.33927253361058585,0.00016485812730399421,2.6756255070665676e-06,4.9179080935023359e-101
0.011158203124999998,24.608174120346362,0.0,1960.5659096398845,0.1521413271813307,0.017530527962979877,0.022513086347097259,0.051165716602640895,0.52006816717163018,0.04679911439156216,0.3417674239650893,0.00015346698154299299,2.4965774573981015e-06,4.8310110407397888e-101
0.011166992187499999,24.861241600212775,0.0,1982.4396293481616,0.15059265064124835,0.016666473111928919,0.021542567313447742,0.050675563704931759,0.51941594464140262,0.047686857412405144,0.34386688287695305,0.00014336648660720426,2.3444523237980572e-06,4.7569706137526795e-101
0.011175781249999997,25.094357292399142,0.0,2002.8172076928636,0.1491937102729693,0.015971512030146125,0.020629263075210045,0.050076216759891878,0.51905551188202514,0.048463423968884298,0.34566747564173189,0.00013438278760105735,2.2138545095258484e-06,4.6974230047094165e-101
0.011193359374999996,25.507919152083335,0.0,2039.5301234108808,0.14677482118299692,0.014951772679199435,0.018980395361041135,0.048668552038038465,0.51897941467550968,0.049721734542391927,0.34857680537147911,0.00011932247015919487,2.0028621809925883e-06,4.6168046021117501e-101
0.011210937499999997,25.871576237052441,0.0,2072.2698577330684,0.14471171909890704,0.014190070730221896,0.017532740879385892,0.047160605304947131,0.51932440929416968,0.050703617243681179,0.35097964330514758,0.00010707496183230812,1.8382806143679691e-06,4.5674593196943781e-101
0.011228515624999998,26.194966470482111,0.0,2101.7203894040244,0.14292517907678942,0.01357669753657469,0.016259767685194867,0.04564350003519585,0.51989703955372091,0.05146852054685528,0.35305573854446798,9.7029050273194118e-05,1.7070477173553978e-06,4.5389033134504471e-101
0.011246093749999997,26.485085146131926,0.0,2128.3955140287112,0.1413595710036487,0.013053605096646728,0.015135731299202709,0.044164557362967795,0.52058851965126784,0.052060991072405138,0.3549062754717433,8.8719468029460337e-05,1.6005777371205747e-06,4.5234774268578808e-101
0.011263671874999995,26.74706407710006,0.0,2152.6848457595993,0.13997499927225723,0.012589713286499457,0.014138210960426124,0.04274637280363576,0.52133844995782019,0.05251436319128773,0.3565895783899623,8.1798332124017936e-05,1.5130782445690499e-06,4.5159551028768326e-101
0.011281249999999996,26.984639958626307,0.0,2174.8798374517046,0.13874264325490576,0.012167997581487277,0.013248383755180244,0.041398712244412599,0.52211306932097756,0.052854102345289165,0.3581402929123475,7.6001325783922334e-05,1.4405145218930451e-06,4.5130559343537358e-101
0.011316406249999996,27.395106304283267,0.0,2213.6206298916054,0.13666383456335088,0.011425626275390259,0.011748942600246387,0.038940871870475215,0.52366245685288748,0.05325994354034027,0.3608937200198879,6.7108527992469863e-05,1.3303127801505222e-06,4.5146026072464127e-101
0.011351562499999995,27.748110664628175,0.0,2247.2517384635485,0.1349252322661195,0.01077026549787081,0.010511978622392736,0.036732237873280685,0.52515245288974066,0.053426812414290564,0.36334436965048034,6.0631555436975665e-05,1.251496507165205e-06,4.5181656870890584e-101
0.011386718749999997,28.055542315934009,0.0,2276.7759275743269,0.13344672630758248,0.010184832096908347,0.0094773285109801611,0.03474519023014281,0.52656505831102185,0.053420723648957606,0.36554975881114798,5.5912405460998675e-05,1.1959853801934955e-06,4.5219585256078354e-101
0.011421874999999996,28.325881943106832,0.0,2302.9186735778599,0.13217312296855283,0.0096585672760449055,0.0086020810335144995,0.032953297345253339,0.52789498692143366,0.053288992153640871,0.36754841612284722,5.2500523862556967e-05,1.158623402854958e-06,4.5254059967212963e-101
0.011457031249999996,28.565229786878966,0.0,2326.2087386120893,0.13106564538637766,0.0091837239920741897,0.007855008104484652,0.031333910693041429,0.52914251701571491,0.053065702147440053,0.36936792030494864,5.0081810973436927e-05,1.1359313228750163e-06,4.5283787718661915e-101
0.011492187499999997,28.777776148412652,0.0,2347.0154872753355,0.13009762320244572,0.0087544250094132789,0.0072129144312503288,0.029868763776116209,0.53031058914921925,0.052775972470685342,0.37102778121563462,4.8428585151342722e-05,1.1253625296479793e-06,4.5309514061181665e-101
0.011562499999999996,29.129915895878501,0.0,2381.8024680370931,0.12852492578112582,0.0080232200753286211,0.0061907272926690063,0.027375249517682377,0.53239887454153467,0.052076508699364282,0.37388749427887225,4.6792923743324551e-05,1.1326708054267009e-06,4.5349216450781687e-101
0.011632812499999996,29.420898349162361,0.0,2410.7540252621002,0.12725377160847173,0.0074103460033757666,0.0053974430436509952,0.025283147650422541,0.53422798956248752,0.051297011776945747,0.37633630827355596,4.6584934049052852e-05,1.1687555124463058e-06,4.5375828366842828e-101
0.011703124999999997,29.663509748100527,0.0,2435.0311582670893,0.12621299068489636,0.0068948075574095536,0.0047733373238636138,0.023523198549252299,0.53582374128455612,0.050495963689016946,0.37844043212188672,4.7293077002228842e-05,1.2263970124966474e-06,4.5396917604960754e-101
0.011773437499999997,29.866747053396523,0.0,2455.4618966863654,0.12535413626667785,0.006460789494486527,0.0042776373728709146,0.022041857554583464,0.53720929003685203,0.049712428810319349,0.38024812989128703,4.8567437714903844e-05,1.2994018858784511e-06,4.5417867148895811e-101
0.011843749999999997,30.036794514491643,0.0,2472.6261651764985,0.12464446825725645,0.0060962464070346816,0.0038818475680186446,0.020798191632652334,0.53840526552426982,0.048972308483659709,0.38179460196350101,5.0156378569899365e-05,1.3820422937549679e-06,4.5441670828411102e-101
0.011984374999999997,30.286399499111855,0.0,2498.0147173509495,0.12361721244928603,0.005552426206801549,0.0033267510513243508,0.018947312426394549,0.54025828915647534,0.047712431426439661,0.38414777573150677,5.3464430191450322e-05,1.5495708665375675e-06,4.5493120357042648e-101
0.012124999999999997,30.466256051340004,0.0,2516.3934661793173,0.12288744227744253,0.0051604456209482846,0.0029516344361247442,0.017614068545968999,0.54163964279491172,0.04668651770159897,0.38588933704213951,5.6641149761358678e-05,1.7127085465162355e-06,4.5549850197895385e-101
0.012406249999999997,30.667541738232512,0.0,2537.1218801756718,0.12208087348332604,0.0047156822580825585,0.0025517876557309689,0.0161046628942173,0.54326733696583429,0.04538533822486205,0.38791212207689191,6.1118070335102481e-05,1.9518540459717691e-06,4.5652284482655943e-101
0.012687499999999997,30.776915498050485,0.0,2548.4347618991742,0.12164702742769426,0.0044736318959526615,0.0023454160897657104,0.015284158618836283,0.54417864011267802,0.044613594841523399,0.38903844830960677,6.3997809807082588e-05,2.1123218301260782e-06,4.5742258805183387e-101
0.013249999999999998,30.856347289069767,0.0,2556.6932887833418,0.12133387822476896,0.0042961261984938437,0.0021991574555380619,0.014682860953296611,0.54486228928698122,0.044015052101791456,0.38987595239635003,6.6315932857227369e-05,2.2456746915269105e-06,4.5864875823918301e-101
0.013812499999999998,30.884531888664966,0.0,2559.6266441931975,0.12122315138973809,0.0042333232324486963,0.0021483995008738078,0.014470031611742857,0.54510671092118645,0.043796762870971319,0.3901752911691086,6.7184126529540493e-05,2.2965671387918345e-06,4.5931432012819381e-101
0.014374999999999999,30.894462870502206,0.0,2560.6628006710189,0.12118418438163332,0.0042110291735831173,0.0021305154350654359,0.01439450287765205,0.54519409295108323,0.043718276898676633,0.39028177052979457,6.7497078777169732e-05,2.3150553677635774e-06,4.5960963366439352e-101
0.0155,30.898656796891078,0.0,2561.1014711296621,0.12116773585168729,0.0042015367168010548,0.0021229209632194061,0.014362326055355774,0.54523152466107727,0.043684616475217937,0.39032712140019798,6.7630748065582584e-05,2.3229800651121459e-06,4.5941502555085749e-101
0.016625000000000001,30.899536257990754,0.0,2561.1934652610548,0.12116428718205184,0.0041995475322992217,0.0021213303995799167,0.014355578464392589,0.54523937879335294,0.043677546797735875,0.39033663451177347,6.7658852987864879e-05,2.3246478781834796e-06,4.5916801885663406e-101
0.017750000000000002,30.899720128233948,0.0,2561.2127353702244,0.12116356618841978,0.0041991286073176761,0.0021209955993487439,0.014354157569883062,0.54524103816926406,0.043676054617614472,0.39033863568648941,6.7664751830058911e-05,2.3249982525079379e-06,4.5903864104982841e-101
0.02,30.899762617011078,0.0,2561.2172003298351,0.12116339958236537,0.0041990308446149711,0.0021209174835117211,0.014353825844962463,0.5452414273259496,0.043675705218116749,0.39033910208144984,6.7666121690663879e-05,2.3250797040572252e-06,4.590266134211491e-101
0.024500000000000001,30.899767789523448,0.0,2561.2177440165437,0.12116337930024813,0.0041990189386811186,0.0021209079669138593,0.014353785416883483,0.5452414747718588,0.043675662619498713,0.3903391589079877,6.7666288549895768e-05,2.3250896264945934e-06,4.5891751257461915e-101
0.026750000000000003,30.899768086569914,0.0,2561.2177752107591,0.12116337813557923,0.0041990182569896168,0.0021209074219102637,0.014353783101557334,0.54524147748334806,0.043675660181689974,0.39033916216619047,6.7666298118787291e-05,2.3250901953854454e-06,4.5842929470232074e-101
0.029000000000000001,30.89976812052948,0.0,2561.217778784538,0.12116337800251642,0.0041990181780263069,0.0021209073588042172,0.014353782833217241,0.54524147779696353,0.043675659898113624,0.39033916254539552,6.766629921857712e-05,2.3250902608848125e-06,4.5746745328442282e-101
0.029999999999999999,30.899768120508451,0.0,2561.217778784538,0.12116337800260359,0.0041990181780293271,0.0021209073588057429,0.014353782833227566,0.54524147779663645,0.043675659898145043,0.3903391625456763,6.7666299218625787e-05,2.3250902608864854e-06,4.574674532847209e-101
